<?xml version="1.0" encoding="UTF-8"?>
<beans xmlns="http://www.springframework.org/schema/beans"
	xmlns:xsi="http://www.w3.org/2001/XMLSchema-instance"
	xmlns:util="http://www.springframework.org/schema/util"
	xsi:schemaLocation="http://www.springframework.org/schema/beans http://www.springframework.org/schema/beans/springbeans.xsd
http://www.springframework.org/schema/util 
http://www.springframework.org/schema/util/springutil.xsd">

	<bean id="orderManagementImpl"	class="com.csgrp.oms.OrderManagementImpl">
		<property name="validInstruments">
			<list>
				<value>ENIN741IN741</value>
				<value>ENIN741IN742</value>
				<value>ENIN741IN743</value>
				<value>ENIN741IN744</value>
				<value>ENIN741IN745</value>
				<value>ENIN741IN746</value>
				<value>ENIN741IN747</value>
				<value>ENIN741IN748</value>
				<value>ENIN741IN749</value>
				<value>ENIN741IN750</value>
			</list>
		</property>
	</bean>

	<!-- <bean id="orderManagementImpl" class="com.csgrp.oms.OrderManagementImpl" 
		autowire = "byName"> <property name="validInstruments" ref="validInstrumentsList" 
		/> </bean> <util:list id="validInstrumentsList" value-type="Java.Lang.String"> 
		<value>ENIN741IN741</value> <value>ENIN741IN742</value> <value>ENIN741IN743</value> 
		<value>ENIN741IN744</value> <value>ENIN741IN745</value> <value>ENIN741IN746</value> 
		<value>ENIN741IN747</value> <value>ENIN741IN748</value> <value>ENIN741IN749</value> 
		<value>ENIN741IN750</value> </util:list> -->

</beans>